<assembly xmlns="http://maven.apache.org/ASSEMBLY/2.0.0"
          xmlns:xsi="http://www.w3.org/2001/XMLSchema-instance"
          xsi:schemaLocation="http://maven.apache.org/ASSEMBLY/2.0.0 http://maven.apache.org/xsd/assembly-2.0.0.xsd">
    <id>bin</id>
    <formats>
        <format>tar.gz</format>
    </formats>
    <fileSets>
        <fileSet>
            <directory></directory>
            <includes>
                <include>config/*</include>
            </includes>
        </fileSet>
        <fileSet>
            <directory>target</directory>
            <outputDirectory></outputDirectory>
            <includes>
                <include>client-generator-*.jar</include>
            </includes>
        </fileSet>
    </fileSets>
</assembly>